cluster,label,selected_model,valid_mape_selected,test_mape_selected,test_mape_lgbm_baseline,delta_selected_minus_lgbm,n_train,n_valid,n_test,n_test_used,select_meta,test_meta
-2,Truly sporadic,RF_Default,82.40819376757722,79.40854047707816,90.4432251537011,-11.034684676622945,49824,8304,16608,2986,{},{}
-1,Intermittent (Croston),RF_Default,77.54058942358859,70.94504975610005,73.92190200992349,-2.976852253823438,61596,10266,20532,7873,{},{}
0,High cancellation risk,RF_Default,102.4484963238696,80.61281341502531,100.92537399630184,-20.31256058127653,2952,492,984,693,{},{}
1,Steady regulars,RF_Default,83.60547433930951,75.03573939834303,80.3197405482507,-5.284001149907681,46584,7764,15528,11898,{},{}
2,Volatile mid-range,RF_C2_BEST,72.76012682821275,68.14608672399801,77.86834089336446,-9.722254169366451,7848,1308,2616,1783,{},{}
