cluster,label,selected_model,valid_mape_selected,test_mape_selected,test_mape_lgbm_baseline,delta_selected_minus_lgbm,n_train,n_valid,n_test,n_test_used,select_meta,test_meta
-2,Truly sporadic,LGBM_Default,83.18977387052044,93.6943804717627,93.6943804717627,0.0,49824,8304,16608,3010,{},{}
-1,Intermittent (Croston),RF_Default,78.16621436325369,73.84894511467253,76.49448966364376,-2.6455445489712304,61596,10266,20532,7906,{},{}
0,High cancellation risk,RF_Default,92.29768535273212,78.57076160682715,103.42679978895232,-24.856038182125175,2952,492,984,694,{},{}
1,Steady regulars,RF_Default,83.65914824326988,77.14897784431318,82.50740550409503,-5.358427659781853,46584,7764,15528,11918,{},{}
2,Volatile mid-range,RF_Default,73.78430195610956,69.31339380565198,78.05092389985892,-8.737530094206932,7848,1308,2616,1788,{},{}
