cluster,label,selected_model,valid_mape_selected,test_mape_selected,test_mape_lgbm_baseline,delta_selected_minus_lgbm,n_train,n_valid,n_test,n_test_used,select_meta,test_meta
-2,Truly sporadic,RF_Default,82.4314250779948,72.28551447707149,89.43073065309173,-17.14521617602024,47808,7968,15936,3256,{},{}
-1,Intermittent (Croston),RF_Default,80.14749249246833,71.569667076853,75.70552159940345,-4.13585452255046,58572,9762,19524,6992,{},{}
0,High cancellation risk,RF_Default,93.6670140805256,79.0846610461492,99.82905980213779,-20.7443987559886,3312,552,1104,737,{},{}
1,Volatile mid-range,RF_Default,79.49390054462236,69.5680233222484,79.05041413979455,-9.482390817546161,8208,1368,2736,1813,{},{}
2,Steady regulars,RF_Default,82.62720988550615,75.17890221947481,79.1021157294488,-3.9232135099739907,46116,7686,15372,11054,{},{}
